{
    "controller-serial-number": "49770F673737", 
    "directions": [
        1.0, 
        1.0, 
        1.0, 
        -1.0, 
        1.0
    ], 
    "offsets": [
        -2.220058808536787, 
        -2.1279054240314865, 
        -2.1362830044410592, 
        2.190737277103282, 
        -2.048318410140545
    ], 
    "servo-ids": [
        6, 
        5, 
        4, 
        3, 
        2
    ]
}