{
    "controller-serial-number": "49770F673737", 
    "directions": [
        1.0, 
        1.0, 
        -1.0, 
        1.0, 
        1.0
    ], 
    "offsets": [
        -2.22843638894636, 
        -2.1069614730075545, 
        2.0943951023931953, 
        -2.1823596966937093, 
        -2.165604535874564
    ], 
    "servo-ids": [
        6, 
        5, 
        4, 
        3, 
        2
    ]
}